[{"Date":"45858921","Title":"Clean Code","Author":"Robert C. Martin","Keyword":"Software","price":550,"file":"CC.jpg"},{"Date":"0927829081","Title":"AngulatJS","Author":"Shyam Sheshaydri","Keyword":"Software","price":380,"file":"AJS.jpg"},{"Date":"3498234392","Title":"3 Points Someone","Author":"Chetan Bhagat","Keyword":"Fiction","price":275,"file":"3PS.jpg"},{"Date":"0897437437","Title":"Shiva Trilogy","Author":"Amish Tripathi","Keyword":"Mythology","price":660,"file":"ST.jpg"},{"Date":"83789378","Title":"Panipat","Author":"Vishwas Patil","Keyword":"History","price":620,"file":"PP.jpg"}]